-- 金尉出版社 GEM 模型 - 6 個校準案例種子資料
-- 資料來源: 預估圖書銷量訓練文件.json / .md (2024-2025)

-- ============================================================
-- 作者資料
-- ============================================================
INSERT INTO authors (author_id, name, author_type, primary_platform, previous_book_count, authority_score, notes, snapshot_date)
VALUES
    (1, '陳重銘', 'KOP', 'YouTube', 5, 9.0, '頂級KOP/長銷王，權威性高，知識系統強，多媒體整合', '2024-01-01'),
    (2, '艾蜜莉', 'KOC', 'Facebook', 2, 7.5, '續作型，艾蜜莉 2.0 為自身品牌續作，非 Co-Branding 繼承', '2024-01-01'),
    (3, '陳威良', 'KOC', 'YouTube', 1, 5.0, '社群KOC/速爆型，影片型作者，轉換速度慢', '2024-01-01'),
    (4, '朱家泓', 'KOP', 'Course', 4, 8.5, '頂級KOP/長銷王，知識系統書，高單價策略', '2024-01-01'),
    (5, '莎拉王', 'KOC', 'Instagram', 1, 6.0, '社群KOC/速爆型，流量高，高度依賴社群推廣', '2024-01-01'),
    (6, '林穎', 'Co-Branding', 'Course', 1, 6.5, 'Co-Branding/系統繼承型，繼承導師朱家泓品牌', '2024-01-01');

-- 設定林穎的導師為朱家泓
UPDATE authors SET mentor_author_id = 4 WHERE author_id = 6;

-- ============================================================
-- 書籍資料
-- ============================================================
INSERT INTO books (book_id, title, author_id, category, subcategory, price_ntd, format, publish_date, first_print_run, author_type_at_publish, is_sequel, nth_book, notes)
VALUES
    (1, '陳重銘新書', 1, '商業財經', 'ETF存股', 420, 'single', '2024-01-15', NULL, 'KOP', 0, 5, 'KOP/長銷王代表案例'),
    (2, '艾蜜莉存股術 2.0', 2, '商業財經', 'ETF存股', 420, 'single', '2024-03-01', NULL, 'KOC', 1, 2, '自身品牌續作(非Co-Branding)，內層CR極高(87%銷量在初期)'),
    (3, '陳威良投資書', 3, '商業財經', '技術分析', 380, 'single', '2024-04-01', NULL, 'KOC', 0, 1, '影片作者轉換速度慢，月均750本'),
    (4, '朱家泓技術分析套書', 4, '商業財經', '技術分析K線實戰', 820, 'set', '2024-02-01', NULL, 'KOP', 0, 4, '高單價套書(NT$820)，知識系統書衰退極慢'),
    (5, '莎拉王理財書', 5, '商業財經', '新手財務自由', 380, 'single', '2024-05-01', NULL, 'KOC', 0, 1, 'KOC銷量高度集中(81%在第1週期)'),
    (6, '林穎投資傳承書', 6, '商業財經', 'ETF存股', 400, 'single', '2023-01-01', NULL, 'Co-Branding', 0, 1, 'Co-Branding Multiplier驗證成功');

-- ============================================================
-- 預測紀錄（原始模型預測 vs 實際銷量）
-- ============================================================
INSERT INTO predictions (book_id, predicted_date, model_version, sales_fy_low, sales_fy_high, actual_fy_sales, error_pct_fy, notes)
VALUES
    (1, '2024-01-01', 'v0.1-prompt', 29250, 35100, 14000,
        ROUND((((29250+35100)/2.0 - 14000) / 14000) * 100, 1),
        '實際銷量 14,000 本 (3.7個月)。CR(4.1%)準確，但須採用嚴苛衰退模型。總量預期正確但速度過快'),
    (2, '2024-03-01', 'v0.1-prompt', 25000, 30000, 13740,
        ROUND((((25000+30000)/2.0 - 13740) / 13740) * 100, 1),
        '實際銷量 13,740 本 (8個月)。續作長尾極短，內層CR極高(87%銷量在初期)，須採用最高衰退率'),
    (3, '2024-04-01', 'v0.1-prompt', 8450, 10400, 4500,
        ROUND((((8450+10400)/2.0 - 4500) / 4500) * 100, 1),
        '實際銷量 4,500 本 (6個月)。影片作者轉換速度慢(月均750本)，但總潛力N_C正確'),
    (4, '2024-02-01', 'v0.1-prompt', 25000, 30000, 13237,
        ROUND((((25000+30000)/2.0 - 13237) / 13237) * 100, 1),
        '實際銷量 13,237 套 (7個月)。知識系統書衰退極慢，高單價(NT$820)可突破銷量天花板'),
    (5, '2024-05-01', 'v0.1-prompt', 10000, 12000, 10568,
        ROUND((((10000+12000)/2.0 - 10568) / 10568) * 100, 1),
        '實際銷量 10,568 本 (4.5個月)。KOC銷量高度集中(81%在第1週期)，預估精準'),
    (6, '2023-01-01', 'v0.1-prompt', 22000, 25000, 18551,
        ROUND((((22000+25000)/2.0 - 18551) / 18551) * 100, 1),
        '實際銷量 18,551 本 (29個月)。Co-Branding Multiplier驗證成功，首印量N與最終總銷量極為接近');

-- ============================================================
-- 初始模型參數版本
-- ============================================================
INSERT INTO model_parameters (version, effective_date, parameters, calibration_source, notes)
VALUES
    ('v0.1-prompt', '2024-01-01',
     '{
        "cr_inner": {"min": 0.80, "max": 1.00},
        "cr_middle": {"min": 0.03, "max": 0.08},
        "cr_outer": {"min": 0.005, "max": 0.02},
        "cr_safety_floor": 0.041,
        "trend_multiplier": {"min": 1.15, "max": 1.30},
        "decay_kop": 0.20,
        "decay_koc": 0.60,
        "decay_cobranding": 0.35,
        "cobranding_mentor_ratio": {"min": 0.60, "max": 0.70}
     }',
     '陳重銘, 艾蜜莉2.0, 陳威良, 朱家泓, 莎拉王, 林穎',
     '原始 prompt 模型校準參數，基於 6 個 2024-2025 案例');
